Year,JAN-p,FEB-p,MAR-p,APR-p,MAY-p,JUN-p,JUL-p,AUG-p,SEP-p,OCT-p,JAN-txa,FEB-txa,MAR-txa,APR-txa,MAY-txa,JUN-txa,JUL-txa,AUG-txa,SEP-txa,OCT-txa,JAN-taa,FEB-taa,MAR-taa,APR-taa,MAY-taa,JUN-taa,JUL-taa,AUG-taa,SEP-taa,OCT-taa,JAN-tna,FEB-tna,MAR-tna,APR-tna,MAY-tna,JUN-tna,JUL-tna,AUG-tna,SEP-tna,OCT-tna,JAN-txm,FEB-txm,MAR-txm,APR-txm,MAY-txm,JUN-txm,JUL-txm,AUG-txm,SEP-txm,OCT-txm,JAN-tnm,FEB-tnm,MAR-tnm,APR-tnm,MAY-tnm,JUN-tnm,JUL-tnm,AUG-tnm,SEP-tnm,OCT-tnm
1960-01-01,0.66,0.68,0.76,0.46,1.06,1.31,3.06,0.08,1.21,2.19,39.4,35.21,53.8,68.77,75.55,87.5,89.29,91.68,82.53,69.03,23.97,24.57,39.5,53.48,59.74,71.47,74.08,75.16,67.1,54.24,8.13,13.93,24.26,38.2,43.94,55.43,58.87,58.65,51.67,39.45,64.0,55.0,78.0,87.0,88.0,103.0,103.0,101.0,98.0,84.0,-17.0,-15.0,-8.0,26.0,32.0,46.0,54.0,48.0,41.0,26.0
1961-01-01,0.04,0.47,0.69,0.08,1.1,4.26,2.51,2.62,1.23,0.11,47.74,50.18,54.71,65.7,75.26,84.33,88.06,87.13,74.27,69.97,30.87,35.39,41.48,49.47,60.98,69.55,73.65,73.71,59.9,52.37,14.0,20.61,28.26,33.23,46.71,54.77,59.23,60.29,45.53,34.77,67.0,71.0,73.0,83.0,93.0,98.0,99.0,94.0,90.0,84.0,-0.0,11.0,17.0,18.0,32.0,48.0,50.0,54.0,32.0,26.0
1962-01-01,0.24,0.64,0.95,1.41,0.31,0.78,1.92,0.51,0.2,0.48,40.65,51.74,53.13,67.7,80.65,84.47,89.52,92.26,81.13,74.35,23.48,35.96,36.85,52.7,62.94,68.88,74.45,75.0,66.03,56.61,6.32,20.21,20.58,37.7,45.23,53.3,59.39,57.74,50.93,38.87,69.0,77.0,78.0,86.0,95.0,97.0,99.0,103.0,94.0,88.0,-25.0,-19.0,-5.0,25.0,27.0,44.0,53.0,49.0,34.0,30.0
1963-01-01,0.33,0.28,0.32,0.0,0.39,0.46,0.25,2.28,0.98,0.25,35.74,54.54,58.35,72.17,80.65,89.83,96.16,87.71,84.97,78.0,19.32,38.66,42.15,55.5,64.31,72.92,79.81,74.37,70.03,61.05,2.9,22.79,25.94,38.83,47.97,56.0,63.45,61.03,55.1,44.1,67.0,77.0,84.0,85.0,93.0,103.0,103.0,102.0,93.0,88.0,-26.0,-3.0,9.0,27.0,36.0,46.0,57.0,55.0,44.0,33.0
1964-01-01,0.04,0.2,1.11,0.03,1.88,0.13,0.73,2.7,1.11,0.02,49.13,43.52,49.32,65.83,78.16,86.07,96.39,90.06,82.57,74.58,33.19,27.66,33.92,49.52,61.29,69.35,78.76,73.34,67.07,54.79,17.26,11.79,18.52,33.2,44.42,52.63,61.13,56.61,51.57,35.0,65.0,64.0,74.0,85.0,94.0,98.0,102.0,99.0,98.0,92.0,-3.0,-7.0,-10.0,21.0,31.0,42.0,51.0,42.0,38.0,21.0
1965-01-01,0.19,0.71,0.42,1.46,0.3,2.79,2.41,2.69,1.12,0.38,54.68,45.14,46.29,69.6,77.65,84.7,92.39,87.52,75.17,75.68,36.47,29.5,31.5,53.73,61.27,69.55,76.76,72.18,61.58,55.98,18.26,13.86,16.71,37.87,44.9,54.4,61.13,56.84,48.0,36.29,68.0,70.0,76.0,88.0,90.0,95.0,102.0,95.0,90.0,89.0,5.0,-12.0,-7.0,26.0,32.0,45.0,54.0,52.0,31.0,30.0
1966-01-01,0.31,0.17,0.05,0.24,0.38,0.7,1.68,1.34,1.05,0.21,42.39,46.61,63.16,67.7,81.52,87.7,95.13,86.48,82.83,69.26,25.48,31.91,44.08,50.37,62.35,70.75,79.89,72.66,67.59,51.45,8.58,17.21,25.0,33.03,43.19,53.8,64.65,58.84,52.17,33.65,63.0,61.0,84.0,84.0,94.0,96.0,102.0,97.0,94.0,84.0,-13.0,-4.0,3.0,19.0,30.0,46.0,59.0,48.0,45.0,18.0
1967-01-01,0.13,0.12,0.23,2.03,1.25,2.03,3.59,1.07,0.83,0.79,51.1,52.89,61.45,69.9,72.94,82.9,88.87,84.77,77.2,68.61,34.55,36.0,45.34,54.48,58.97,69.05,75.81,71.79,63.53,52.31,18.0,19.11,29.23,39.07,45.0,55.2,62.74,58.81,49.87,36.0,67.0,67.0,79.0,84.0,96.0,93.0,97.0,95.0,90.0,86.0,-3.0,5.0,2.0,33.0,34.0,47.0,57.0,52.0,38.0,23.0
1968-01-01,0.1,0.54,0.78,0.68,1.62,0.29,4.41,0.9,0.52,0.29,41.52,47.21,57.1,64.83,72.71,89.33,88.87,87.06,83.93,75.03,27.92,35.24,42.76,50.15,59.32,71.47,74.47,71.45,68.0,57.94,14.32,23.28,28.42,35.47,45.94,53.6,60.06,55.84,52.07,40.84,64.0,62.0,79.0,80.0,90.0,102.0,97.0,96.0,93.0,90.0,-8.0,16.0,12.0,21.0,34.0,45.0,51.0,40.0,41.0,20.0
1969-01-01,0.04,0.05,0.82,0.54,0.87,1.74,1.73,1.58,1.28,2.04,51.39,53.36,49.13,70.67,77.84,81.07,93.77,92.26,83.93,61.48,36.47,37.73,36.29,56.05,64.34,68.0,80.21,78.97,69.8,49.9,21.55,22.11,23.45,41.43,50.84,54.93,66.65,65.68,55.67,38.32,69.0,67.0,77.0,87.0,94.0,100.0,103.0,104.0,93.0,90.0,5.0,5.0,7.0,30.0,42.0,46.0,59.0,56.0,47.0,23.0
1970-01-01,0.25,0.0,0.92,1.32,0.44,0.77,0.7,1.64,1.24,1.55,48.06,59.14,53.13,66.0,81.74,90.7,95.65,95.13,82.33,64.26,31.68,41.79,39.15,50.82,65.19,73.12,80.31,79.84,65.7,49.98,15.29,24.43,25.16,35.63,48.65,55.53,64.97,64.55,49.07,35.71,72.0,77.0,73.0,84.0,97.0,104.0,103.0,102.0,97.0,87.0,-11.0,12.0,10.0,23.0,33.0,39.0,59.0,56.0,32.0,20.0
1971-01-01,0.42,0.23,0.55,0.88,0.73,0.66,1.93,0.85,1.2,0.2,50.84,50.36,60.61,65.57,75.39,91.87,89.87,89.97,78.0,70.29,34.92,34.63,41.68,49.85,58.45,73.4,75.34,74.52,62.13,52.73,19.0,19.3,22.74,34.13,41.52,54.93,60.81,59.06,46.27,35.16,78.0,69.0,82.0,80.0,87.0,104.0,105.0,96.0,99.0,85.0,-17.0,7.0,6.0,15.0,32.0,43.0,55.0,52.0,29.0,18.0
1972-01-01,0.35,0.13,0.93,0.68,0.84,0.98,1.99,1.96,1.12,1.05,47.74,57.45,64.65,68.97,75.55,90.23,90.06,89.26,81.73,67.42,29.77,38.6,45.87,52.83,60.35,73.22,74.39,74.16,66.45,53.82,11.81,19.76,27.1,36.7,45.16,56.2,58.71,59.06,51.17,40.23,72.0,79.0,81.0,85.0,90.0,94.0,103.0,98.0,94.0,87.0,-14.0,-2.0,8.0,24.0,26.0,47.0,50.0,47.0,34.0,22.0
1973-01-01,0.11,0.07,1.34,1.64,1.84,0.38,3.23,1.77,1.19,0.76,41.58,51.21,54.71,61.0,72.48,89.23,90.29,93.42,79.1,73.81,29.48,35.11,42.66,46.98,59.37,71.18,75.24,76.47,64.72,56.19,17.39,19.0,30.61,32.97,46.26,53.13,60.19,59.52,50.33,38.58,66.0,65.0,73.0,81.0,88.0,100.0,105.0,101.0,91.0,89.0,-5.0,8.0,19.0,21.0,34.0,40.0,51.0,55.0,38.0,26.0
1974-01-01,0.4,0.17,0.45,0.29,1.17,1.7,1.23,1.75,0.65,0.86,39.77,53.54,62.23,68.1,83.39,88.63,95.48,87.65,78.1,71.27,26.27,36.84,46.95,51.3,65.55,72.42,78.65,72.79,63.3,57.05,12.77,20.14,31.68,34.5,47.71,56.2,61.81,57.94,48.5,42.94,70.0,72.0,82.0,87.0,98.0,103.0,101.0,98.0,97.0,86.0,-21.0,7.0,12.0,18.0,33.0,42.0,54.0,51.0,37.0,28.0
1975-01-01,0.07,0.24,0.12,0.85,0.69,2.05,2.19,2.24,0.06,0.61,47.1,48.0,55.29,64.6,76.1,86.37,91.94,92.1,79.83,75.16,31.61,33.5,40.47,49.25,59.82,69.93,76.82,75.27,63.98,54.53,16.13,19.0,25.65,33.9,43.55,53.5,61.71,58.45,48.13,33.9,69.0,70.0,77.0,87.0,86.0,99.0,99.0,101.0,95.0,91.0,-7.0,-3.0,7.0,2.0,34.0,40.0,53.0,48.0,34.0,14.0
1976-01-01,0.15,0.11,0.86,0.88,0.68,1.34,2.08,0.88,2.73,0.98,48.9,57.83,55.74,67.83,74.42,87.17,92.84,88.39,77.73,63.03,30.87,40.17,38.53,51.33,59.45,69.32,76.55,72.45,63.77,48.44,12.84,22.52,21.32,34.83,44.48,51.47,60.26,56.52,49.8,33.84,73.0,73.0,78.0,80.0,87.0,100.0,100.0,97.0,95.0,83.0,-6.0,6.0,-8.0,21.0,34.0,41.0,52.0,49.0,36.0,22.0
1977-01-01,0.1,0.32,0.1,1.77,0.6,0.25,2.96,3.53,0.08,0.0,45.23,56.79,60.16,69.83,81.26,91.03,93.84,88.0,85.77,72.13,27.61,38.12,41.95,54.22,65.26,74.22,77.5,74.1,67.42,53.74,10.0,19.46,23.74,38.6,49.26,57.4,61.16,60.19,49.07,35.35,64.0,75.0,76.0,86.0,91.0,101.0,102.0,100.0,99.0,86.0,-7.0,6.0,14.0,17.0,42.0,50.0,51.0,53.0,33.0,20.0
1978-01-01,0.16,0.34,0.4,0.44,1.95,1.19,0.99,1.23,0.08,0.68,38.06,41.75,60.71,68.97,71.58,84.97,94.81,88.71,83.73,71.16,25.16,29.04,43.73,53.17,57.92,70.17,77.87,72.81,66.65,53.58,12.26,16.32,26.74,37.37,44.26,55.37,60.94,56.9,49.57,36.0,60.0,68.0,83.0,88.0,92.0,101.0,103.0,98.0,95.0,91.0,-2.0,1.0,6.0,23.0,33.0,46.0,51.0,48.0,31.0,28.0
1979-01-01,0.59,0.06,2.34,0.54,2.6,3.51,1.47,2.04,0.63,0.36,28.9,49.93,56.55,67.4,70.45,85.27,92.84,88.48,85.3,73.19,16.11,34.41,43.11,51.78,57.56,68.82,76.45,71.66,67.4,55.13,3.32,18.89,29.68,36.17,44.68,52.37,60.06,54.84,49.5,37.06,51.0,74.0,74.0,84.0,87.0,97.0,102.0,102.0,99.0,92.0,-20.0,-5.0,12.0,21.0,32.0,40.0,54.0,50.0,36.0,25.0
1980-01-01,0.39,0.14,1.22,2.99,2.2,0.43,0.75,2.35,0.47,0.0,39.9,52.83,55.9,64.23,71.55,91.6,96.65,91.68,83.53,70.94,28.18,37.21,40.56,48.32,58.31,72.8,80.23,75.97,66.97,52.4,16.45,21.59,25.23,32.4,45.06,54.0,63.81,60.26,50.4,33.87,69.0,81.0,77.0,89.0,88.0,106.0,106.0,104.0,98.0,89.0,1.0,7.0,4.0,22.0,35.0,42.0,53.0,55.0,40.0,17.0
1981-01-01,0.12,0.15,1.24,0.13,0.76,0.16,1.28,2.55,0.32,0.19,55.29,58.54,59.26,75.97,75.94,92.77,95.0,87.42,83.97,70.81,36.61,39.82,45.89,59.6,62.02,75.55,79.15,74.15,68.68,56.24,17.94,21.11,32.52,43.23,48.1,58.33,63.29,60.87,53.4,41.68,73.0,81.0,78.0,90.0,89.0,105.0,106.0,100.0,93.0,86.0,10.0,-10.0,25.0,28.0,33.0,43.0,56.0,55.0,40.0,26.0
1982-01-01,0.54,0.26,0.26,0.13,2.28,1.75,2.71,4.35,2.24,0.37,46.0,47.82,60.84,69.93,75.1,81.47,93.58,89.68,80.63,68.77,31.48,33.27,46.03,53.03,60.81,67.5,77.44,76.32,66.33,50.94,16.74,18.71,31.23,36.13,46.52,53.53,61.29,62.97,52.03,33.1,73.0,75.0,75.0,88.0,87.0,96.0,104.0,96.0,98.0,86.0,-3.0,-13.0,12.0,22.0,32.0,46.0,52.0,55.0,40.0,19.0
1983-01-01,0.6,0.04,2.08,1.05,1.96,2.07,1.49,1.58,0.18,0.22,47.87,51.82,53.39,60.23,70.48,83.53,94.32,93.26,85.67,71.71,33.31,37.46,40.94,46.05,56.89,67.1,77.47,77.32,67.97,54.08,18.74,23.11,28.48,31.87,43.29,50.67,60.61,61.39,50.27,36.45,73.0,68.0,74.0,81.0,87.0,99.0,101.0,99.0,98.0,85.0,4.0,13.0,18.0,16.0,33.0,41.0,53.0,55.0,27.0,27.0
1984-01-01,0.23,0.07,1.15,1.17,1.11,0.35,4.21,4.37,0.27,2.55,40.13,54.1,55.1,63.87,79.97,88.63,92.52,89.26,79.77,62.19,26.6,35.98,40.1,47.9,63.42,71.68,77.45,75.29,63.95,49.44,13.06,17.86,25.1,31.93,46.87,54.73,62.39,61.32,48.13,36.68,57.0,71.0,75.0,85.0,97.0,99.0,100.0,96.0,96.0,80.0,-19.0,10.0,9.0,18.0,32.0,44.0,56.0,53.0,27.0,28.0
1985-01-01,0.5,0.36,0.72,1.7,1.46,0.1,4.82,0.95,1.01,0.6,38.45,43.86,59.29,70.2,76.74,88.63,91.55,91.74,77.03,69.13,25.77,29.05,43.4,53.97,61.85,70.88,75.42,75.03,62.73,51.58,13.1,14.25,27.52,37.73,46.97,53.13,59.29,58.32,48.43,34.03,59.0,73.0,77.0,85.0,90.0,102.0,103.0,101.0,95.0,85.0,-10.0,-16.0,11.0,23.0,38.0,41.0,49.0,52.0,27.0,24.0
1986-01-01,0.25,0.14,0.55,0.43,0.84,2.21,1.71,2.42,0.35,0.9,57.97,55.61,66.52,70.27,77.19,87.53,93.52,89.71,79.0,67.35,39.44,38.84,47.82,53.17,59.82,71.07,75.92,73.26,63.05,50.87,20.9,22.07,29.13,36.07,42.45,54.6,58.32,56.81,47.1,34.39,76.0,80.0,84.0,89.0,92.0,101.0,102.0,103.0,91.0,82.0,8.0,-4.0,18.0,24.0,30.0,43.0,53.0,50.0,30.0,24.0
1987-01-01,0.74,1.39,0.45,0.3,2.09,1.29,0.09,2.89,0.31,0.04,45.32,50.79,56.39,71.2,76.65,88.7,95.81,86.97,82.0,71.77,29.79,37.3,40.34,52.92,61.73,71.17,76.98,71.94,64.98,53.31,14.26,23.82,24.29,34.63,46.81,53.63,58.16,56.9,47.97,34.84,71.0,70.0,76.0,88.0,88.0,98.0,105.0,102.0,94.0,88.0,-14.0,9.0,5.0,20.0,37.0,45.0,51.0,48.0,38.0,22.0
1988-01-01,0.94,0.38,0.93,0.7,1.33,1.86,2.0,0.67,1.8,0.0,34.84,49.28,56.48,69.4,77.81,90.57,93.65,93.06,82.07,73.42,19.66,33.6,39.66,51.52,60.79,73.12,75.66,75.81,64.73,54.95,4.48,17.93,22.84,33.63,43.77,55.67,57.68,58.55,47.4,36.48,57.0,70.0,85.0,87.0,92.0,100.0,104.0,100.0,98.0,88.0,-15.0,-4.0,10.0,23.0,30.0,37.0,48.0,49.0,32.0,24.0
1989-01-01,0.42,0.83,0.14,0.59,1.45,1.27,0.61,1.02,1.03,0.1,50.61,36.64,66.94,70.7,78.65,83.7,93.74,90.03,81.17,71.26,33.11,24.0,46.32,52.73,62.76,67.88,76.77,73.55,65.25,53.11,15.61,11.36,25.71,34.77,46.87,52.07,59.81,57.06,49.33,34.97,75.0,76.0,86.0,93.0,98.0,101.0,105.0,99.0,97.0,89.0,-11.0,-24.0,3.0,13.0,32.0,42.0,55.0,52.0,36.0,15.0
1990-01-01,0.76,0.69,1.14,1.57,2.34,0.0,5.14,3.08,1.83,0.59,49.03,48.14,56.06,67.07,74.1,93.97,87.97,89.32,84.5,71.35,33.6,33.39,42.34,51.6,57.63,74.25,72.74,72.03,68.3,53.23,18.16,18.64,28.61,36.13,41.16,54.53,57.52,54.74,52.1,35.1,74.0,72.0,76.0,85.0,92.0,108.0,104.0,102.0,100.0,89.0,1.0,-6.0,20.0,26.0,27.0,45.0,50.0,48.0,43.0,26.0
1991-01-01,0.08,0.01,0.74,0.83,0.72,1.97,2.79,2.14,1.36,0.62,43.84,59.14,59.45,67.73,81.61,89.4,91.32,89.52,81.17,71.61,28.77,38.73,43.34,51.27,63.95,72.27,74.84,73.66,64.67,52.76,13.71,18.32,27.23,34.8,46.29,55.13,58.35,57.81,48.17,33.9,66.0,71.0,75.0,90.0,93.0,103.0,105.0,101.0,92.0,94.0,1.0,4.0,14.0,19.0,31.0,45.0,52.0,53.0,36.0,13.0
1992-01-01,0.04,0.19,1.31,0.43,0.4,3.15,1.39,2.48,0.7,0.71,51.16,55.62,61.03,73.23,77.87,82.1,90.03,86.74,84.47,71.65,33.81,38.62,45.13,54.58,61.84,66.77,73.21,70.45,65.58,52.08,16.45,21.62,29.23,35.93,45.81,51.43,56.39,54.16,46.7,32.52,72.0,74.0,73.0,93.0,94.0,96.0,104.0,102.0,94.0,89.0,-6.0,10.0,18.0,28.0,35.0,42.0,47.0,43.0,34.0,16.0
1993-01-01,0.37,0.18,1.72,1.4,1.99,1.49,1.37,3.43,0.62,0.54,40.06,45.36,57.55,66.13,74.65,86.3,92.39,86.03,78.33,66.23,26.44,30.55,42.05,50.47,59.05,68.8,74.89,71.21,60.07,48.97,12.81,15.75,26.55,34.8,43.45,51.3,57.39,56.39,41.8,31.71,66.0,68.0,78.0,83.0,89.0,100.0,101.0,96.0,93.0,89.0,-7.0,-6.0,6.0,24.0,29.0,38.0,50.0,42.0,31.0,5.0
1994-01-01,0.46,0.24,0.83,2.13,2.36,2.59,0.12,4.01,0.16,1.69,48.58,50.11,60.29,65.07,76.74,91.67,92.77,89.9,85.07,68.65,29.92,32.07,41.87,49.15,61.06,73.1,73.85,73.92,65.95,52.18,11.26,14.04,23.93,33.23,45.39,54.53,54.94,57.94,46.83,35.71,69.0,68.0,80.0,87.0,93.0,103.0,101.0,99.0,95.0,85.0,-3.0,-1.0,7.0,18.0,29.0,48.0,44.0,51.0,31.0,24.0
1995-01-01,0.01,0.16,0.88,2.52,4.3,2.28,1.18,2.57,1.38,0.0,50.1,55.86,58.0,59.43,67.77,80.33,90.81,94.19,78.47,70.71,31.61,36.66,41.1,44.48,54.02,65.12,71.82,75.66,62.22,48.69,13.13,17.46,24.19,29.53,40.26,49.9,52.84,57.13,45.97,26.68,70.0,73.0,80.0,80.0,90.0,95.0,102.0,104.0,101.0,87.0,1.0,-1.0,7.0,11.0,32.0,42.0,44.0,46.0,28.0,15.0
1996-01-01,0.24,0.12,0.95,0.66,1.8,1.32,3.41,2.11,1.46,0.31,47.84,54.38,56.55,68.87,82.0,87.37,90.94,89.13,78.77,70.13,27.87,34.67,38.02,50.38,64.71,70.22,74.95,72.55,62.2,51.23,7.9,14.97,19.48,31.9,47.42,53.07,58.97,55.97,45.63,32.32,73.0,78.0,78.0,89.0,99.0,98.0,104.0,102.0,93.0,89.0,-13.0,-26.0,-5.0,20.0,34.0,44.0,53.0,50.0,33.0,10.0
1997-01-01,0.17,0.42,0.26,2.29,0.53,2.02,0.8,4.13,0.96,0.83,45.03,48.0,64.32,59.47,75.45,86.23,93.52,86.71,81.83,67.97,27.98,31.68,43.05,43.73,58.15,69.5,74.95,72.02,66.53,49.9,10.94,15.36,21.77,28.0,40.84,52.77,56.39,57.32,51.23,31.84,81.0,70.0,83.0,82.0,90.0,100.0,102.0,96.0,93.0,88.0,-11.0,5.0,2.0,2.0,26.0,47.0,47.0,52.0,41.0,4.0
1998-01-01,0.1,0.17,1.94,1.88,1.04,0.68,2.42,0.93,0.41,1.6,48.39,48.61,54.13,63.07,80.13,86.0,91.94,89.13,88.93,70.1,31.34,34.5,37.56,47.52,61.26,66.62,75.03,72.4,69.77,53.77,14.29,20.39,21.0,31.97,42.39,47.23,58.13,55.68,50.6,37.45,68.0,68.0,80.0,83.0,90.0,103.0,104.0,100.0,99.0,89.0,4.0,10.0,2.0,23.0,33.0,36.0,51.0,49.0,45.0,28.0
1999-01-01,0.11,0.01,0.56,5.3,1.84,0.19,1.86,2.98,0.31,0.62,52.94,62.54,63.0,62.27,75.81,86.6,93.74,89.29,78.6,73.23,36.24,40.32,44.66,47.77,59.58,68.42,77.23,73.56,62.7,52.19,19.55,18.11,26.32,33.27,43.35,50.23,60.71,57.84,46.8,31.16,73.0,76.0,82.0,81.0,91.0,98.0,104.0,96.0,94.0,91.0,6.0,1.0,15.0,20.0,31.0,42.0,52.0,50.0,21.0,22.0
2000-01-01,0.34,0.04,2.94,1.21,0.85,0.8,3.03,0.92,0.36,1.5,51.39,59.55,57.81,71.97,83.16,89.03,94.97,94.48,83.97,67.29,33.6,40.69,43.45,52.77,63.1,71.3,77.73,76.84,65.37,52.0,15.81,21.83,29.1,33.57,43.03,53.57,60.48,59.19,46.77,36.71,70.0,74.0,80.0,88.0,102.0,102.0,103.0,101.0,99.0,91.0,-0.0,8.0,19.0,21.0,28.0,46.0,49.0,53.0,28.0,28.0
2001-01-01,0.81,0.16,0.51,0.48,2.67,1.1,2.7,2.0,0.49,0.07,42.65,45.0,55.48,70.9,74.84,89.17,95.48,91.13,84.87,71.97,26.02,31.43,40.9,53.25,58.9,70.6,78.08,73.84,65.93,52.13,9.39,17.86,26.32,35.6,42.97,52.03,60.68,56.55,47.0,32.29,74.0,65.0,74.0,86.0,90.0,100.0,103.0,99.0,93.0,88.0,-15.0,-2.0,17.0,23.0,33.0,36.0,53.0,48.0,32.0,18.0
2002-01-01,0.43,0.07,0.04,0.16,0.22,0.43,0.84,0.3,0.42,0.67,46.74,51.71,57.97,72.57,79.81,93.9,96.19,92.19,83.43,63.26,29.53,31.88,37.48,52.77,60.69,75.28,79.08,75.21,66.65,48.29,12.32,12.04,17.0,32.97,41.58,56.67,61.97,58.23,49.87,33.32,73.0,72.0,79.0,89.0,102.0,103.0,104.0,103.0,100.0,85.0,-9.0,-8.0,-6.0,17.0,29.0,45.0,57.0,49.0,38.0,23.0
2003-01-01,0.01,0.81,0.81,1.9,1.56,3.72,0.32,1.17,0.44,0.08,53.74,44.14,61.61,71.13,79.32,83.23,101.03,93.55,80.27,76.19,36.34,30.55,45.24,55.57,63.34,67.78,81.16,75.95,62.52,56.55,18.94,16.96,28.87,40.0,47.35,52.33,61.29,58.35,44.77,36.9,73.0,75.0,83.0,86.0,101.0,96.0,109.0,102.0,95.0,92.0,9.0,-10.0,18.0,26.0,31.0,42.0,54.0,52.0,33.0,20.0
2004-01-01,0.51,0.65,0.55,4.85,0.0,1.93,0.76,3.53,0.22,0.23,48.48,47.31,66.68,64.5,81.68,84.57,90.42,85.65,84.4,71.52,31.52,33.28,48.87,50.5,63.19,67.77,73.21,69.53,65.02,52.9,14.55,19.24,31.06,36.5,44.71,50.97,56.0,53.42,45.63,34.29,65.0,68.0,84.0,85.0,94.0,101.0,101.0,102.0,96.0,83.0,-8.0,-8.0,22.0,28.0,30.0,43.0,47.0,45.0,33.0,21.0
2005-01-01,0.38,0.2,1.74,1.55,1.16,1.15,0.8,1.39,0.94,1.6,48.39,52.93,57.1,66.67,76.87,89.7,97.71,89.16,85.53,69.55,33.26,37.14,40.66,50.15,60.16,70.08,78.29,72.98,67.27,53.18,18.13,21.36,24.23,33.63,43.45,50.47,58.87,56.81,49.0,36.81,72.0,68.0,78.0,82.0,97.0,101.0,108.0,102.0,94.0,89.0,-6.0,10.0,13.0,20.0,31.0,40.0,49.0,48.0,38.0,25.0
2006-01-01,0.52,0.0,0.62,0.16,0.98,0.24,3.13,3.78,1.64,1.96,53.81,51.54,58.97,73.83,80.26,92.47,93.13,87.71,75.0,66.42,36.18,31.95,41.9,53.72,62.77,74.27,77.31,73.44,59.47,50.77,18.55,12.36,24.84,33.6,45.29,56.07,61.48,59.16,43.93,35.13,74.0,79.0,76.0,90.0,95.0,103.0,103.0,98.0,86.0,87.0,-2.0,-3.0,11.0,20.0,31.0,49.0,56.0,49.0,33.0,23.0
2007-01-01,0.42,0.11,0.42,2.83,2.46,1.53,1.52,2.6,0.1,0.33,38.26,47.89,64.71,63.1,74.97,86.2,92.55,93.29,84.27,73.87,23.73,32.77,46.56,48.38,59.95,68.5,75.47,76.61,66.37,53.98,9.19,17.64,28.42,33.67,44.94,50.8,58.39,59.94,48.47,34.1,65.0,69.0,83.0,86.0,87.0,99.0,104.0,100.0,96.0,91.0,-14.0,-6.0,8.0,22.0,36.0,35.0,51.0,54.0,34.0,25.0
2008-01-01,0.19,0.25,0.62,0.97,0.96,0.89,1.53,2.76,0.77,0.66,44.84,52.69,58.94,67.3,77.29,89.2,95.32,87.42,79.9,70.68,27.47,33.88,41.55,48.12,59.47,70.75,77.42,72.77,63.95,52.39,10.1,15.07,24.16,28.93,41.65,52.3,59.52,58.13,48.0,34.1,69.0,68.0,79.0,87.0,93.0,103.0,104.0,105.0,91.0,84.0,-9.0,-6.0,11.0,20.0,24.0,41.0,51.0,49.0,39.0,18.0
2009-01-01,0.04,0.04,0.72,1.54,1.07,1.2,5.39,2.71,0.95,1.92,52.65,57.46,62.58,66.53,78.32,84.8,90.81,89.19,80.1,60.94,34.47,37.36,43.23,50.08,62.37,68.78,74.48,72.44,63.9,46.15,16.29,17.25,23.87,33.63,46.42,52.77,58.16,55.68,47.7,31.35,75.0,75.0,80.0,84.0,95.0,99.0,100.0,101.0,97.0,88.0,-0.0,4.0,8.0,15.0,34.0,42.0,52.0,48.0,35.0,23.0
2010-01-01,0.19,0.77,1.01,1.14,2.84,0.9,2.28,1.76,0.04,0.03,49.0,42.04,58.29,67.9,75.13,89.73,92.87,90.74,88.73,73.19,30.18,28.98,41.74,51.0,58.73,72.45,76.56,74.45,68.62,55.05,11.35,15.93,25.19,34.1,42.32,55.17,60.26,58.16,48.5,36.9,64.0,56.0,83.0,85.0,93.0,101.0,103.0,97.0,97.0,85.0,-8.0,2.0,14.0,18.0,25.0,44.0,50.0,51.0,38.0,13.0
2011-01-01,0.29,0.58,0.65,0.3,0.61,0.8,2.35,0.79,0.46,1.18,43.77,46.54,62.26,69.73,75.9,91.87,95.23,94.32,81.6,70.35,26.9,29.3,45.0,51.17,58.08,73.75,79.16,78.53,66.03,53.84,10.03,12.07,27.74,32.6,40.26,55.63,63.1,62.74,50.47,37.32,71.0,72.0,78.0,87.0,94.0,102.0,102.0,101.0,98.0,88.0,-21.0,-18.0,19.0,21.0,23.0,48.0,56.0,58.0,39.0,25.0
2012-01-01,0.03,0.6,0.11,0.8,0.92,0.07,0.91,0.24,0.73,0.29,52.45,46.86,68.06,71.5,80.03,95.83,96.32,92.68,83.07,67.84,36.06,32.66,48.68,55.22,62.63,77.03,79.81,75.26,66.47,50.73,19.68,19.25,29.29,38.93,45.23,58.23,63.29,57.84,49.87,33.61,69.0,69.0,84.0,92.0,97.0,107.0,102.0,102.0,98.0,88.0,6.0,4.0,1.0,30.0,40.0,49.0,58.0,50.0,38.0,21.0
2013-01-01,0.21,0.48,0.21,0.3,0.73,0.27,1.68,3.92,1.27,0.24,48.23,47.68,58.61,62.87,76.94,91.9,91.87,89.52,84.17,66.48,29.44,31.91,41.0,46.68,60.79,74.32,76.31,75.16,69.53,51.03,10.65,16.14,23.39,30.5,44.65,56.73,60.74,60.81,54.9,35.58,72.0,65.0,80.0,88.0,94.0,104.0,102.0,97.0,97.0,85.0,-7.0,8.0,4.0,14.0,23.0,40.0,53.0,55.0,36.0,24.0
2014-01-01,0.45,0.28,0.76,2.06,0.65,0.86,3.28,1.26,0.62,0.91,49.1,46.18,59.19,67.37,77.0,89.77,89.23,89.26,83.43,72.39,31.03,31.96,43.08,52.07,61.34,72.65,75.08,73.31,67.22,55.9,12.97,17.75,26.97,36.77,45.68,55.53,60.94,57.35,51.0,39.42,69.0,71.0,77.0,82.0,91.0,103.0,101.0,96.0,100.0,86.0,-12.0,-16.0,6.0,24.0,29.0,41.0,57.0,48.0,39.0,27.0
2015-01-01,0.25,1.13,0.57,1.42,5.55,1.22,0.64,4.24,0.03,0.64,49.29,50.57,61.71,67.8,68.16,88.5,93.03,93.71,89.33,75.13,33.5,35.32,45.15,52.08,56.97,72.83,77.66,77.56,71.95,59.39,17.71,20.07,28.58,36.37,45.77,57.17,62.29,61.42,54.57,43.65,73.0,78.0,85.0,83.0,84.0,101.0,101.0,103.0,98.0,94.0,-8.0,0.0,2.0,27.0,33.0,50.0,56.0,50.0,47.0,28.0
2016-01-01,0.53,0.33,0.58,2.97,2.76,0.78,1.05,1.32,0.05,0.0,49.03,58.24,63.77,67.57,75.77,92.8,97.9,90.39,87.5,78.61,33.02,40.48,45.44,52.52,60.85,75.97,80.37,74.85,69.77,59.19,17.0,22.72,27.1,37.47,45.94,59.13,62.84,59.32,52.03,39.77,72.0,81.0,82.0,84.0,91.0,105.0,105.0,101.0,98.0,90.0,2.0,0.0,14.0,22.0,32.0,49.0,56.0,50.0,40.0,28.0
2017-01-01,0.75,0.17,0.95,4.19,3.0,1.57,3.08,0.55,1.2,0.21,45.61,59.61,68.68,66.97,73.74,89.2,94.23,87.87,81.07,70.32,32.15,42.04,49.42,52.47,58.9,72.32,77.74,72.44,66.75,52.71,18.68,24.46,30.16,37.97,44.06,55.43,61.26,57.0,52.43,35.1,70.0,82.0,86.0,87.0,89.0,102.0,103.0,96.0,98.0,86.0,-15.0,9.0,10.0,28.0,32.0,44.0,53.0,51.0,39.0,26.0
2018-01-01,0.23,0.58,0.06,0.49,0.58,0.17,1.78,1.79,0.08,1.54,53.61,50.36,65.45,69.27,84.1,94.77,94.32,88.9,86.63,65.13,34.18,34.02,45.44,51.18,67.35,76.57,78.92,74.02,69.65,51.35,14.74,17.68,25.42,33.1,50.61,58.37,63.52,59.13,52.67,37.58,72.0,71.0,78.0,88.0,98.0,106.0,104.0,98.0,99.0,94.0,-3.0,-3.0,11.0,20.0,37.0,46.0,54.0,54.0,40.0,16.0
2019-01-01,0.52,0.22,1.35,0.07,2.17,2.25,3.02,1.05,0.51,1.15,50.03,52.56,56.19,70.7,71.84,86.67,94.55,94.87,90.33,63.32,33.5,34.44,41.26,53.92,56.27,69.12,78.26,78.06,72.78,46.19,16.97,16.39,26.32,37.13,40.71,51.57,61.97,61.26,55.23,29.06,66.0,70.0,82.0,86.0,90.0,101.0,105.0,103.0,102.0,87.0,-6.0,4.0,2.0,25.0,32.0,43.0,56.0,55.0,45.0,-6.0
